"#";"Compiler Type";"Device Type";"Sample Rate";"IR Time";"Kernel Size";"H Size";"In/Out Size";"f";"Buffer Size";"Fast Conv Duration";"Duration";"Fast Conv Throughput Rate";"Throughput Rate";"Fast Conv Realtime";"Realtime";
1;default;CPU;44100;1;44100;65536;10;0;2;172436;930;57;10752;no;no
2;default;CPU;44100;1;44100;65536;10;0;2;172831;870;57;11494;no;no
3;default;CPU;44100;1;44100;65536;100;0;2;167257;3917;597;25529;no;no
4;default;CPU;44100;1;44100;65536;100;0;2;165691;4038;603;24764;no;no
5;default;CPU;44100;1;44100;65536;1000;0;2;167833;34712;5958;28808;no;no
6;default;CPU;44100;1;44100;65536;1000;0;2;166674;33081;5999;30228;no;no
7;default;CPU;44100;1;44100;65536;10000;0;2;177323;0;56394;0;yes;yes
8;default;CPU;44100;1;44100;65536;10000;0;2;169563;0;58975;0;yes;yes
9;default;CPU;44100;1;44100;65536;100000;0;8;327189;0;305633;0;yes;yes
10;default;CPU;44100;1;44100;65536;100000;0;8;323059;0;309540;0;yes;yes
11;default;CPU;44100;1;44100;65536;100000;0;8;322782;0;309806;0;yes;yes
12;default;CPU;44100;1;44100;65536;100000;0;8;324012;0;308630;0;yes;yes
13;default;CPU;192000;1;192000;262144;10;0;8;1026581;5505;9;1816;no;no
14;default;CPU;192000;1;192000;262144;10;0;8;1025804;5556;9;1799;no;no
15;default;CPU;192000;1;192000;262144;100;0;8;1026793;20759;97;4817;no;no
16;default;CPU;192000;1;192000;262144;100;0;8;1029430;20228;97;4943;no;no
17;default;CPU;192000;1;192000;262144;1000;0;8;1027940;0;972;0;no;yes
18;default;CPU;192000;1;192000;262144;1000;0;8;1028223;0;972;0;no;yes
19;default;CPU;192000;1;192000;262144;10000;0;9;1023984;0;9765;0;no;yes
20;default;CPU;192000;1;192000;262144;10000;0;9;1032444;0;9685;0;no;yes
21;default;CPU;192000;1;192000;262144;100000;0;15;1197662;0;83496;0;no;yes
22;default;CPU;192000;1;192000;262144;100000;0;15;1191187;0;83949;0;no;yes
23;default;CPU;192000;1;192000;262144;100000;0;15;1196606;0;83569;0;no;yes
24;default;CPU;192000;1;192000;262144;100000;0;15;1189143;0;84094;0;no;yes
25;default;CPU;44100;5;220500;262144;10;0;9;1236381;6680;8;1497;no;no
26;default;CPU;44100;5;220500;262144;10;0;9;1232711;6898;8;1449;no;no
27;default;CPU;44100;5;220500;262144;100;0;9;1253805;20296;79;4927;no;no
28;default;CPU;44100;5;220500;262144;100;0;9;1245656;20351;80;4913;no;no
29;default;CPU;44100;5;220500;262144;1000;0;9;1243609;0;804;0;no;yes
30;default;CPU;44100;5;220500;262144;1000;0;9;1264194;0;791;0;no;yes
31;default;CPU;44100;5;220500;262144;10000;0;9;1240998;0;8058;0;no;yes
32;default;CPU;44100;5;220500;262144;10000;0;9;1236424;0;8087;0;no;yes
33;default;CPU;44100;5;220500;262144;100000;0;19;2200013;0;45454;0;yes;yes
34;default;CPU;44100;5;220500;262144;100000;0;19;2222630;0;44991;0;yes;yes
35;default;CPU;44100;5;220500;262144;100000;0;19;2204104;0;45369;0;yes;yes
36;default;CPU;44100;5;220500;262144;100000;0;19;2204839;0;45354;0;yes;yes
37;default;CPU;192000;5;960000;1048576;10;0;38;24119892;27094;0;369;no;no
38;default;CPU;192000;5;960000;1048576;10;0;38;23755767;27351;0;365;no;no
39;default;CPU;192000;5;960000;1048576;100;0;38;23965092;92048;4;1086;no;no
40;default;CPU;192000;5;960000;1048576;100;0;38;23775839;89013;4;1123;no;no
41;default;CPU;192000;5;960000;1048576;1000;0;38;23588356;0;42;0;no;yes
42;default;CPU;192000;5;960000;1048576;1000;0;38;23804472;0;42;0;no;yes
43;default;CPU;192000;5;960000;1048576;10000;0;38;23787767;0;420;0;no;yes
44;default;CPU;192000;5;960000;1048576;10000;0;38;23776944;0;420;0;no;yes
45;default;CPU;192000;5;960000;1048576;100000;0;56;24314938;0;4112;0;no;yes
46;default;CPU;192000;5;960000;1048576;100000;0;56;24139204;0;4142;0;no;yes
47;default;CPU;192000;5;960000;1048576;100000;0;56;24321711;0;4111;0;no;yes
48;default;CPU;192000;5;960000;1048576;100000;0;56;24468550;0;4086;0;no;yes
49;default;CPU;44100;10;441000;524288;10;0;18;3739373;13331;2;750;no;no
50;default;CPU;44100;10;441000;524288;10;0;18;3825954;12328;2;811;no;no
51;default;CPU;44100;10;441000;524288;100;0;18;3720685;40060;26;2496;no;no
52;default;CPU;44100;10;441000;524288;100;0;18;3743224;40684;26;2457;no;no
53;default;CPU;44100;10;441000;524288;1000;0;18;3746999;0;266;0;no;yes
54;default;CPU;44100;10;441000;524288;1000;0;18;3767562;0;265;0;no;yes
55;default;CPU;44100;10;441000;524288;10000;0;18;3718098;0;2689;0;no;yes
56;default;CPU;44100;10;441000;524288;10000;0;18;3775154;0;2648;0;no;yes
57;default;CPU;44100;10;441000;524288;100000;0;29;6338397;0;15776;0;no;yes
58;default;CPU;44100;10;441000;524288;100000;0;29;6570779;0;15218;0;no;yes
59;default;CPU;44100;10;441000;524288;100000;0;29;6443300;0;15519;0;no;yes
60;default;CPU;44100;10;441000;524288;100000;0;29;6348394;0;15752;0;no;yes
61;default;CPU;192000;10;1920000;2097152;10;0;77;64696756;52815;0;189;no;no
62;default;CPU;192000;10;1920000;2097152;10;0;77;65156938;53750;0;186;no;no
63;default;CPU;192000;10;1920000;2097152;100;0;77;65115661;0;1;0;no;yes
64;default;CPU;192000;10;1920000;2097152;100;0;77;64914569;0;1;0;no;yes
65;default;CPU;192000;10;1920000;2097152;1000;0;77;64685947;0;15;0;no;yes
66;default;CPU;192000;10;1920000;2097152;1000;0;77;64781924;0;15;0;no;yes
67;default;CPU;192000;10;1920000;2097152;10000;0;77;65016576;0;153;0;no;yes
68;default;CPU;192000;10;1920000;2097152;10000;0;77;64968216;0;153;0;no;yes
69;default;CPU;192000;10;1920000;2097152;100000;0;79;66382504;0;1506;0;no;yes
70;default;CPU;192000;10;1920000;2097152;100000;0;79;66506814;0;1503;0;no;yes
71;default;CPU;192000;10;1920000;2097152;100000;0;79;66618604;0;1501;0;no;yes
72;default;CPU;192000;10;1920000;2097152;100000;0;79;66891400;0;1494;0;no;yes
73;default;CPU;44100;20;882000;1048576;10;0;37;12401478;24441;0;409;no;no
74;default;CPU;44100;20;882000;1048576;10;0;37;12392207;24423;0;409;no;no
75;default;CPU;44100;20;882000;1048576;100;0;37;12292023;86697;8;1153;no;no
76;default;CPU;44100;20;882000;1048576;100;0;37;12118918;86180;8;1160;no;no
77;default;CPU;44100;20;882000;1048576;1000;0;37;12412356;0;80;0;no;yes
78;default;CPU;44100;20;882000;1048576;1000;0;37;12335722;0;81;0;no;yes
79;default;CPU;44100;20;882000;1048576;10000;0;37;12132598;0;824;0;no;yes
80;default;CPU;44100;20;882000;1048576;10000;0;37;12266882;0;815;0;no;yes
81;default;CPU;44100;20;882000;1048576;100000;0;39;12298908;0;8130;0;no;yes
82;default;CPU;44100;20;882000;1048576;100000;0;39;12385936;0;8073;0;no;yes
83;default;CPU;44100;20;882000;1048576;100000;0;39;12403886;0;8061;0;no;yes
84;default;CPU;44100;20;882000;1048576;100000;0;39;12257078;0;8158;0;no;yes
97;unrolled;CPU;44100;1;44100;65536;10;0;2;171479;950;58;10526;no;no
98;unrolled;CPU;44100;1;44100;65536;10;0;2;172477;923;57;10834;no;no
99;unrolled;CPU;44100;1;44100;65536;100;0;2;174484;3890;573;25706;no;no
100;unrolled;CPU;44100;1;44100;65536;100;0;2;167881;3906;595;25601;no;no
101;unrolled;CPU;44100;1;44100;65536;1000;0;2;168314;35465;5941;28196;no;no
102;unrolled;CPU;44100;1;44100;65536;1000;0;2;172446;36214;5798;27613;no;no
103;unrolled;CPU;44100;1;44100;65536;10000;0;2;175334;0;57034;0;yes;yes
104;unrolled;CPU;44100;1;44100;65536;10000;0;2;170885;0;58518;0;yes;yes
105;unrolled;CPU;44100;1;44100;65536;100000;0;8;324144;0;308504;0;yes;yes
106;unrolled;CPU;44100;1;44100;65536;100000;0;8;322072;0;310489;0;yes;yes
107;unrolled;CPU;44100;1;44100;65536;100000;0;8;321956;0;310601;0;yes;yes
108;unrolled;CPU;44100;1;44100;65536;100000;0;8;320392;0;312117;0;yes;yes
109;unrolled;CPU;192000;1;192000;262144;10;0;8;1024845;5634;9;1774;no;no
110;unrolled;CPU;192000;1;192000;262144;10;0;8;1025819;5662;9;1766;no;no
111;unrolled;CPU;192000;1;192000;262144;100;0;8;1032942;19706;96;5074;no;no
112;unrolled;CPU;192000;1;192000;262144;100;0;8;1025444;19919;97;5020;no;no
113;unrolled;CPU;192000;1;192000;262144;1000;0;8;1022209;0;978;0;no;yes
114;unrolled;CPU;192000;1;192000;262144;1000;0;8;1028846;0;971;0;no;yes
115;unrolled;CPU;192000;1;192000;262144;10000;0;9;1027282;0;9734;0;no;yes
116;unrolled;CPU;192000;1;192000;262144;10000;0;9;1027411;0;9733;0;no;yes
117;unrolled;CPU;192000;1;192000;262144;100000;0;15;1196504;0;83576;0;no;yes
118;unrolled;CPU;192000;1;192000;262144;100000;0;15;1213581;0;82400;0;no;yes
119;unrolled;CPU;192000;1;192000;262144;100000;0;15;1183404;0;84501;0;no;yes
120;unrolled;CPU;192000;1;192000;262144;100000;0;15;1198275;0;83453;0;no;yes
121;unrolled;CPU;44100;5;220500;262144;10;0;9;1225185;7049;8;1418;no;no
122;unrolled;CPU;44100;5;220500;262144;10;0;9;1245027;6886;8;1452;no;no
123;unrolled;CPU;44100;5;220500;262144;100;0;9;1233111;20310;81;4923;no;no
124;unrolled;CPU;44100;5;220500;262144;100;0;9;1246340;20247;80;4939;no;no
125;unrolled;CPU;44100;5;220500;262144;1000;0;9;1229638;0;813;0;no;yes
126;unrolled;CPU;44100;5;220500;262144;1000;0;9;1233474;0;810;0;no;yes
127;unrolled;CPU;44100;5;220500;262144;10000;0;9;1226714;0;8151;0;no;yes
128;unrolled;CPU;44100;5;220500;262144;10000;0;9;1226267;0;8154;0;no;yes
129;unrolled;CPU;44100;5;220500;262144;100000;0;19;2212245;0;45202;0;yes;yes
130;unrolled;CPU;44100;5;220500;262144;100000;0;19;2196674;0;45523;0;yes;yes
131;unrolled;CPU;44100;5;220500;262144;100000;0;19;2198155;0;45492;0;yes;yes
132;unrolled;CPU;44100;5;220500;262144;100000;0;19;2205767;0;45335;0;yes;yes
133;unrolled;CPU;192000;5;960000;1048576;10;0;38;23998002;26761;0;373;no;no
134;unrolled;CPU;192000;5;960000;1048576;10;0;38;23695445;26568;0;376;no;no
135;unrolled;CPU;192000;5;960000;1048576;100;0;38;23673904;91057;4;1098;no;no
136;unrolled;CPU;192000;5;960000;1048576;100;0;38;23841675;89771;4;1113;no;no
137;unrolled;CPU;192000;5;960000;1048576;1000;0;38;23803791;0;42;0;no;yes
138;unrolled;CPU;192000;5;960000;1048576;1000;0;38;23933394;0;41;0;no;yes
139;unrolled;CPU;192000;5;960000;1048576;10000;0;38;23866741;0;418;0;no;yes
140;unrolled;CPU;192000;5;960000;1048576;10000;0;38;23755011;0;420;0;no;yes
141;unrolled;CPU;192000;5;960000;1048576;100000;0;56;24506653;0;4080;0;no;yes
142;unrolled;CPU;192000;5;960000;1048576;100000;0;56;24287791;0;4117;0;no;yes
143;unrolled;CPU;192000;5;960000;1048576;100000;0;56;24105261;0;4148;0;no;yes
144;unrolled;CPU;192000;5;960000;1048576;100000;0;56;24356530;0;4105;0;no;yes
145;unrolled;CPU;44100;10;441000;524288;10;0;18;3722619;12600;2;793;no;no
146;unrolled;CPU;44100;10;441000;524288;10;0;18;3782380;12348;2;809;no;no
147;unrolled;CPU;44100;10;441000;524288;100;0;18;3750002;41339;26;2419;no;no
148;unrolled;CPU;44100;10;441000;524288;100;0;18;3744705;41161;26;2429;no;no
149;unrolled;CPU;44100;10;441000;524288;1000;0;18;3770069;0;265;0;no;yes
150;unrolled;CPU;44100;10;441000;524288;1000;0;18;3757238;0;266;0;no;yes
151;unrolled;CPU;44100;10;441000;524288;10000;0;18;3706135;0;2698;0;no;yes
152;unrolled;CPU;44100;10;441000;524288;10000;0;18;3757855;0;2661;0;no;yes
153;unrolled;CPU;44100;10;441000;524288;100000;0;29;6360614;0;15721;0;no;yes
154;unrolled;CPU;44100;10;441000;524288;100000;0;29;6337327;0;15779;0;no;yes
155;unrolled;CPU;44100;10;441000;524288;100000;0;29;6376137;0;15683;0;no;yes
156;unrolled;CPU;44100;10;441000;524288;100000;0;29;6529731;0;15314;0;no;yes
157;unrolled;CPU;192000;10;1920000;2097152;10;0;77;65021751;53149;0;188;no;no
158;unrolled;CPU;192000;10;1920000;2097152;10;0;77;64885564;54848;0;182;no;no
159;unrolled;CPU;192000;10;1920000;2097152;100;0;77;64864436;0;1;0;no;yes
160;unrolled;CPU;192000;10;1920000;2097152;100;0;77;64739467;0;1;0;no;yes
161;unrolled;CPU;192000;10;1920000;2097152;1000;0;77;64844087;0;15;0;no;yes
162;unrolled;CPU;192000;10;1920000;2097152;1000;0;77;64831298;0;15;0;no;yes
163;unrolled;CPU;192000;10;1920000;2097152;10000;0;77;64904103;0;154;0;no;yes
164;unrolled;CPU;192000;10;1920000;2097152;10000;0;77;65019982;0;153;0;no;yes
165;unrolled;CPU;192000;10;1920000;2097152;100000;0;79;66535371;0;1502;0;no;yes
166;unrolled;CPU;192000;10;1920000;2097152;100000;0;79;66559237;0;1502;0;no;yes
167;unrolled;CPU;192000;10;1920000;2097152;100000;0;79;66771917;0;1497;0;no;yes
168;unrolled;CPU;192000;10;1920000;2097152;100000;0;79;66361266;0;1506;0;no;yes
169;unrolled;CPU;44100;20;882000;1048576;10;0;37;12184837;24269;0;412;no;no
170;unrolled;CPU;44100;20;882000;1048576;10;0;37;12272676;24527;0;407;no;no
171;unrolled;CPU;44100;20;882000;1048576;100;0;37;12206445;88879;8;1125;no;no
172;unrolled;CPU;44100;20;882000;1048576;100;0;37;12216240;85303;8;1172;no;no
173;unrolled;CPU;44100;20;882000;1048576;1000;0;37;12268021;0;81;0;no;yes
174;unrolled;CPU;44100;20;882000;1048576;1000;0;37;12312515;0;81;0;no;yes
175;unrolled;CPU;44100;20;882000;1048576;10000;0;37;12339780;0;810;0;no;yes
176;unrolled;CPU;44100;20;882000;1048576;10000;0;37;12324718;0;811;0;no;yes
177;unrolled;CPU;44100;20;882000;1048576;100000;0;39;12332002;0;8108;0;no;yes
178;unrolled;CPU;44100;20;882000;1048576;100000;0;39;12337379;0;8105;0;no;yes
179;unrolled;CPU;44100;20;882000;1048576;100000;0;39;12230960;0;8175;0;no;yes
180;unrolled;CPU;44100;20;882000;1048576;100000;0;39;12570532;0;7955;0;no;yes
193;default;GPU;44100;1;44100;65536;10;0;2;30450;3932;328;2543;no;no
194;default;GPU;44100;1;44100;65536;10;0;2;28006;3397;357;2943;no;no
195;default;GPU;44100;1;44100;65536;100;0;2;29520;5235;3387;19102;no;no
196;default;GPU;44100;1;44100;65536;100;0;2;28498;5564;3509;17972;no;no
197;default;GPU;44100;1;44100;65536;1000;0;2;27459;48760;36417;20508;no;no
198;default;GPU;44100;1;44100;65536;1000;0;2;28182;48666;35483;20548;no;no
199;default;GPU;44100;1;44100;65536;10000;0;2;25340;0;394632;0;yes;yes
200;default;GPU;44100;1;44100;65536;10000;0;2;28606;0;349577;0;yes;yes
201;default;GPU;44100;1;44100;65536;100000;0;8;30923;0;3233838;0;yes;yes
202;default;GPU;44100;1;44100;65536;100000;0;8;27000;0;3703703;0;yes;yes
203;default;GPU;44100;1;44100;65536;100000;0;8;26650;0;3752345;0;yes;yes
204;default;GPU;44100;1;44100;65536;100000;0;8;26504;0;3773015;0;yes;yes
205;default;GPU;192000;1;192000;262144;10;0;8;110479;5911;90;1691;no;no
206;default;GPU;192000;1;192000;262144;10;0;8;104090;5402;96;1851;no;no
207;default;GPU;192000;1;192000;262144;100;0;8;105327;63702;949;1569;no;no
208;default;GPU;192000;1;192000;262144;100;0;8;108077;63486;925;1575;no;no
209;default;GPU;192000;1;192000;262144;1000;0;8;105945;0;9438;0;no;yes
210;default;GPU;192000;1;192000;262144;1000;0;8;105382;0;9489;0;no;yes
211;default;GPU;192000;1;192000;262144;10000;0;9;107860;0;92712;0;no;yes
212;default;GPU;192000;1;192000;262144;10000;0;9;108723;0;91976;0;no;yes
213;default;GPU;192000;1;192000;262144;100000;0;15;117611;0;850260;0;yes;yes
214;default;GPU;192000;1;192000;262144;100000;0;15;115607;0;864999;0;yes;yes
215;default;GPU;192000;1;192000;262144;100000;0;15;117115;0;853861;0;yes;yes
216;default;GPU;192000;1;192000;262144;100000;0;15;116981;0;854839;0;yes;yes
217;default;GPU;44100;5;220500;262144;10;0;9;118149;6502;84;1537;no;no
218;default;GPU;44100;5;220500;262144;10;0;9;117263;6319;85;1582;no;no
219;default;GPU;44100;5;220500;262144;100;0;9;115564;9208;865;10860;no;no
220;default;GPU;44100;5;220500;262144;100;0;9;113348;9247;882;10814;no;no
221;default;GPU;44100;5;220500;262144;1000;0;9;116110;0;8612;0;no;yes
222;default;GPU;44100;5;220500;262144;1000;0;9;116584;0;8577;0;no;yes
223;default;GPU;44100;5;220500;262144;10000;0;9;119148;0;83929;0;yes;yes
224;default;GPU;44100;5;220500;262144;10000;0;9;115863;0;86308;0;yes;yes
225;default;GPU;44100;5;220500;262144;100000;0;19;128097;0;780658;0;yes;yes
226;default;GPU;44100;5;220500;262144;100000;0;19;122368;0;817207;0;yes;yes
227;default;GPU;44100;5;220500;262144;100000;0;19;127013;0;787320;0;yes;yes
228;default;GPU;44100;5;220500;262144;100000;0;19;127193;0;786206;0;yes;yes
229;default;GPU;192000;5;960000;1048576;10;0;38;799471;14709;12;679;no;no
230;default;GPU;192000;5;960000;1048576;10;0;38;810913;14910;12;670;no;no
231;default;GPU;192000;5;960000;1048576;100;0;38;809489;30200;123;3311;no;no
232;default;GPU;192000;5;960000;1048576;100;0;38;800195;30132;124;3318;no;no
233;default;GPU;192000;5;960000;1048576;1000;0;38;789075;0;1267;0;no;yes
234;default;GPU;192000;5;960000;1048576;1000;0;38;768743;0;1300;0;no;yes
235;default;GPU;192000;5;960000;1048576;10000;0;38;815704;0;12259;0;no;yes
236;default;GPU;192000;5;960000;1048576;10000;0;38;793678;0;12599;0;no;yes
237;default;GPU;192000;5;960000;1048576;100000;0;56;867090;0;115328;0;no;yes
238;default;GPU;192000;5;960000;1048576;100000;0;56;856901;0;116699;0;no;yes
239;default;GPU;192000;5;960000;1048576;100000;0;56;871566;0;114736;0;no;yes
240;default;GPU;192000;5;960000;1048576;100000;0;56;871062;0;114802;0;no;yes
241;default;GPU;44100;10;441000;524288;10;0;18;308674;8525;32;1173;no;no
242;default;GPU;44100;10;441000;524288;10;0;18;300112;8546;33;1170;no;no
243;default;GPU;44100;10;441000;524288;100;0;18;302109;15409;331;6489;no;no
244;default;GPU;44100;10;441000;524288;100;0;18;310923;15278;321;6545;no;no
245;default;GPU;44100;10;441000;524288;1000;0;18;305670;0;3271;0;no;yes
246;default;GPU;44100;10;441000;524288;1000;0;18;304495;0;3284;0;no;yes
247;default;GPU;44100;10;441000;524288;10000;0;18;301703;0;33145;0;no;yes
248;default;GPU;44100;10;441000;524288;10000;0;18;314980;0;31748;0;no;yes
249;default;GPU;44100;10;441000;524288;100000;0;29;325387;0;307326;0;yes;yes
250;default;GPU;44100;10;441000;524288;100000;0;29;314479;0;317986;0;yes;yes
251;default;GPU;44100;10;441000;524288;100000;0;29;315435;0;317022;0;yes;yes
252;default;GPU;44100;10;441000;524288;100000;0;29;319672;0;312820;0;yes;yes
253;default;GPU;192000;10;1920000;2097152;10;0;77;1826181;24175;5;413;no;no
254;default;GPU;192000;10;1920000;2097152;10;0;77;1857941;23701;5;421;no;no
255;default;GPU;192000;10;1920000;2097152;100;0;77;1695776;0;58;0;no;yes
256;default;GPU;192000;10;1920000;2097152;100;0;77;1754202;0;57;0;no;yes
257;default;GPU;192000;10;1920000;2097152;1000;0;77;1812404;0;551;0;no;yes
258;default;GPU;192000;10;1920000;2097152;1000;0;77;1744207;0;573;0;no;yes
259;default;GPU;192000;10;1920000;2097152;10000;0;77;1741371;0;5742;0;no;yes
260;default;GPU;192000;10;1920000;2097152;10000;0;77;1702649;0;5873;0;no;yes
261;default;GPU;192000;10;1920000;2097152;100000;0;79;1759908;0;56821;0;no;yes
262;default;GPU;192000;10;1920000;2097152;100000;0;79;1768306;0;56551;0;no;yes
263;default;GPU;192000;10;1920000;2097152;100000;0;79;1772313;0;56423;0;no;yes
264;default;GPU;192000;10;1920000;2097152;100000;0;79;1759223;0;56843;0;no;yes
265;default;GPU;44100;20;882000;1048576;10;0;37;702244;13186;14;758;no;no
266;default;GPU;44100;20;882000;1048576;10;0;37;692069;13106;14;763;no;no
267;default;GPU;44100;20;882000;1048576;100;0;37;729739;103845;137;962;no;no
268;default;GPU;44100;20;882000;1048576;100;0;37;718579;103897;139;962;no;no
269;default;GPU;44100;20;882000;1048576;1000;0;37;695727;0;1437;0;no;yes
270;default;GPU;44100;20;882000;1048576;1000;0;37;708013;0;1412;0;no;yes
271;default;GPU;44100;20;882000;1048576;10000;0;37;712813;0;14028;0;no;yes
272;default;GPU;44100;20;882000;1048576;10000;0;37;707722;0;14129;0;no;yes
273;default;GPU;44100;20;882000;1048576;100000;0;39;698626;0;143138;0;yes;yes
274;default;GPU;44100;20;882000;1048576;100000;0;39;705911;0;141660;0;yes;yes
275;default;GPU;44100;20;882000;1048576;100000;0;39;687734;0;145405;0;yes;yes
276;default;GPU;44100;20;882000;1048576;100000;0;39;712236;0;140402;0;yes;yes
277;default;GPU;192000;20;3840000;4194304;10;0;154;3608373;43662;2;229;no;no
278;default;GPU;192000;20;3840000;4194304;10;0;154;3833421;43724;2;228;no;no
279;default;GPU;192000;20;3840000;4194304;100;0;154;3608560;0;27;0;no;yes
280;default;GPU;192000;20;3840000;4194304;100;0;154;3815651;0;26;0;no;yes
281;default;GPU;192000;20;3840000;4194304;1000;0;154;3662218;0;273;0;no;yes
282;default;GPU;192000;20;3840000;4194304;1000;0;154;3636813;0;274;0;no;yes
283;default;GPU;192000;20;3840000;4194304;10000;0;154;3762964;0;2657;0;no;yes
284;default;GPU;192000;20;3840000;4194304;10000;0;154;3809177;0;2625;0;no;yes
285;default;GPU;192000;20;3840000;4194304;100000;0;156;3952771;0;25298;0;no;yes
286;default;GPU;192000;20;3840000;4194304;100000;0;156;3908964;0;25582;0;no;yes
287;default;GPU;192000;20;3840000;4194304;100000;0;156;4012517;0;24922;0;no;yes
288;default;GPU;192000;20;3840000;4194304;100000;0;156;3976155;0;25149;0;no;yes
289;unrolled;GPU;44100;1;44100;65536;10;0;2;26263;3879;380;2577;no;no
290;unrolled;GPU;44100;1;44100;65536;10;0;2;27522;3413;363;2929;no;no
291;unrolled;GPU;44100;1;44100;65536;100;0;2;27663;5139;3614;19459;no;no
292;unrolled;GPU;44100;1;44100;65536;100;0;2;24556;5153;4072;19406;no;no
293;unrolled;GPU;44100;1;44100;65536;1000;0;2;26672;48854;37492;20469;no;no
294;unrolled;GPU;44100;1;44100;65536;1000;0;2;28061;48654;35636;20553;no;no
295;unrolled;GPU;44100;1;44100;65536;10000;0;2;25545;0;391466;0;yes;yes
296;unrolled;GPU;44100;1;44100;65536;10000;0;2;29222;0;342207;0;yes;yes
297;unrolled;GPU;44100;1;44100;65536;100000;0;8;27868;0;3588345;0;yes;yes
298;unrolled;GPU;44100;1;44100;65536;100000;0;8;28631;0;3492717;0;yes;yes
299;unrolled;GPU;44100;1;44100;65536;100000;0;8;26784;0;3733572;0;yes;yes
300;unrolled;GPU;44100;1;44100;65536;100000;0;8;26500;0;3773584;0;yes;yes
301;unrolled;GPU;192000;1;192000;262144;10;0;8;110048;6347;90;1575;no;no
302;unrolled;GPU;192000;1;192000;262144;10;0;8;104139;5576;96;1793;no;no
303;unrolled;GPU;192000;1;192000;262144;100;0;8;107053;63795;934;1567;no;no
304;unrolled;GPU;192000;1;192000;262144;100;0;8;106004;63625;943;1571;no;no
305;unrolled;GPU;192000;1;192000;262144;1000;0;8;106456;0;9393;0;no;yes
306;unrolled;GPU;192000;1;192000;262144;1000;0;8;108042;0;9255;0;no;yes
307;unrolled;GPU;192000;1;192000;262144;10000;0;9;106553;0;93850;0;no;yes
308;unrolled;GPU;192000;1;192000;262144;10000;0;9;108122;0;92488;0;no;yes
309;unrolled;GPU;192000;1;192000;262144;100000;0;15;119823;0;834564;0;yes;yes
310;unrolled;GPU;192000;1;192000;262144;100000;0;15;119558;0;836414;0;yes;yes
311;unrolled;GPU;192000;1;192000;262144;100000;0;15;118224;0;845851;0;yes;yes
312;unrolled;GPU;192000;1;192000;262144;100000;0;15;117306;0;852471;0;yes;yes
313;unrolled;GPU;44100;5;220500;262144;10;0;9;118819;6434;84;1554;no;no
314;unrolled;GPU;44100;5;220500;262144;10;0;9;116456;6358;85;1572;no;no
315;unrolled;GPU;44100;5;220500;262144;100;0;9;116780;9385;856;10655;no;no
316;unrolled;GPU;44100;5;220500;262144;100;0;9;116064;9423;861;10612;no;no
317;unrolled;GPU;44100;5;220500;262144;1000;0;9;118985;0;8404;0;no;yes
318;unrolled;GPU;44100;5;220500;262144;1000;0;9;117003;0;8546;0;no;yes
319;unrolled;GPU;44100;5;220500;262144;10000;0;9;120722;0;82834;0;yes;yes
320;unrolled;GPU;44100;5;220500;262144;10000;0;9;119917;0;83391;0;yes;yes
321;unrolled;GPU;44100;5;220500;262144;100000;0;19;126195;0;792424;0;yes;yes
322;unrolled;GPU;44100;5;220500;262144;100000;0;19;127198;0;786175;0;yes;yes
323;unrolled;GPU;44100;5;220500;262144;100000;0;19;125031;0;799801;0;yes;yes
324;unrolled;GPU;44100;5;220500;262144;100000;0;19;128887;0;775873;0;yes;yes
325;unrolled;GPU;192000;5;960000;1048576;10;0;38;790992;14698;12;680;no;no
326;unrolled;GPU;192000;5;960000;1048576;10;0;38;774926;14765;12;677;no;no
327;unrolled;GPU;192000;5;960000;1048576;100;0;38;776486;30084;128;3324;no;no
328;unrolled;GPU;192000;5;960000;1048576;100;0;38;792334;30221;126;3308;no;no
329;unrolled;GPU;192000;5;960000;1048576;1000;0;38;795358;0;1257;0;no;yes
330;unrolled;GPU;192000;5;960000;1048576;1000;0;38;782575;0;1277;0;no;yes
331;unrolled;GPU;192000;5;960000;1048576;10000;0;38;813773;0;12288;0;no;yes
332;unrolled;GPU;192000;5;960000;1048576;10000;0;38;847360;0;11801;0;no;yes
333;unrolled;GPU;192000;5;960000;1048576;100000;0;56;861255;0;116109;0;no;yes
334;unrolled;GPU;192000;5;960000;1048576;100000;0;56;861942;0;116017;0;no;yes
335;unrolled;GPU;192000;5;960000;1048576;100000;0;56;873304;0;114507;0;no;yes
336;unrolled;GPU;192000;5;960000;1048576;100000;0;56;875554;0;114213;0;no;yes
337;unrolled;GPU;44100;10;441000;524288;10;0;18;304276;8445;32;1184;no;no
338;unrolled;GPU;44100;10;441000;524288;10;0;18;307580;8501;32;1176;no;no
339;unrolled;GPU;44100;10;441000;524288;100;0;18;312786;15305;319;6533;no;no
340;unrolled;GPU;44100;10;441000;524288;100;0;18;311156;15297;321;6537;no;no
341;unrolled;GPU;44100;10;441000;524288;1000;0;18;308865;0;3237;0;no;yes
342;unrolled;GPU;44100;10;441000;524288;1000;0;18;303768;0;3291;0;no;yes
343;unrolled;GPU;44100;10;441000;524288;10000;0;18;301886;0;33125;0;no;yes
344;unrolled;GPU;44100;10;441000;524288;10000;0;18;305215;0;32763;0;no;yes
345;unrolled;GPU;44100;10;441000;524288;100000;0;29;317574;0;314887;0;yes;yes
346;unrolled;GPU;44100;10;441000;524288;100000;0;29;319553;0;312937;0;yes;yes
347;unrolled;GPU;44100;10;441000;524288;100000;0;29;309533;0;323067;0;yes;yes
348;unrolled;GPU;44100;10;441000;524288;100000;0;29;312876;0;319615;0;yes;yes
349;unrolled;GPU;192000;10;1920000;2097152;10;0;77;1721496;23834;5;419;no;no
350;unrolled;GPU;192000;10;1920000;2097152;10;0;77;1749167;23999;5;416;no;no
351;unrolled;GPU;192000;10;1920000;2097152;100;0;77;1818131;0;55;0;no;yes
352;unrolled;GPU;192000;10;1920000;2097152;100;0;77;1792388;0;55;0;no;yes
353;unrolled;GPU;192000;10;1920000;2097152;1000;0;77;1769102;0;565;0;no;yes
354;unrolled;GPU;192000;10;1920000;2097152;1000;0;77;1835095;0;544;0;no;yes
355;unrolled;GPU;192000;10;1920000;2097152;10000;0;77;1974239;0;5065;0;no;yes
356;unrolled;GPU;192000;10;1920000;2097152;10000;0;77;1797858;0;5562;0;no;yes
357;unrolled;GPU;192000;10;1920000;2097152;100000;0;79;1840954;0;54319;0;no;yes
358;unrolled;GPU;192000;10;1920000;2097152;100000;0;79;1718605;0;58186;0;no;yes
359;unrolled;GPU;192000;10;1920000;2097152;100000;0;79;1717010;0;58240;0;no;yes
360;unrolled;GPU;192000;10;1920000;2097152;100000;0;79;1735311;0;57626;0;no;yes
361;unrolled;GPU;44100;20;882000;1048576;10;0;37;710360;13408;14;745;no;no
362;unrolled;GPU;44100;20;882000;1048576;10;0;37;719394;13233;13;755;no;no
363;unrolled;GPU;44100;20;882000;1048576;100;0;37;725080;104189;137;959;no;no
364;unrolled;GPU;44100;20;882000;1048576;100;0;37;725808;103959;137;961;no;no
365;unrolled;GPU;44100;20;882000;1048576;1000;0;37;700890;0;1426;0;no;yes
366;unrolled;GPU;44100;20;882000;1048576;1000;0;37;721366;0;1386;0;no;yes
367;unrolled;GPU;44100;20;882000;1048576;10000;0;37;741616;0;13484;0;no;yes
368;unrolled;GPU;44100;20;882000;1048576;10000;0;37;752492;0;13289;0;no;yes
369;unrolled;GPU;44100;20;882000;1048576;100000;0;39;717965;0;139282;0;yes;yes
370;unrolled;GPU;44100;20;882000;1048576;100000;0;39;722108;0;138483;0;yes;yes
371;unrolled;GPU;44100;20;882000;1048576;100000;0;39;722607;0;138387;0;yes;yes
372;unrolled;GPU;44100;20;882000;1048576;100000;0;39;722764;0;138357;0;yes;yes
373;unrolled;GPU;192000;20;3840000;4194304;10;0;154;3641143;43814;2;228;no;no
374;unrolled;GPU;192000;20;3840000;4194304;10;0;154;3733348;43679;2;228;no;no
375;unrolled;GPU;192000;20;3840000;4194304;100;0;154;3706044;0;26;0;no;yes
376;unrolled;GPU;192000;20;3840000;4194304;100;0;154;3619296;0;27;0;no;yes
377;unrolled;GPU;192000;20;3840000;4194304;1000;0;154;3785250;0;264;0;no;yes
378;unrolled;GPU;192000;20;3840000;4194304;1000;0;154;3679559;0;271;0;no;yes
379;unrolled;GPU;192000;20;3840000;4194304;10000;0;154;3673976;0;2721;0;no;yes
380;unrolled;GPU;192000;20;3840000;4194304;10000;0;154;3964192;0;2522;0;no;yes
381;unrolled;GPU;192000;20;3840000;4194304;100000;0;156;3969220;0;25193;0;no;yes
382;unrolled;GPU;192000;20;3840000;4194304;100000;0;156;3842913;0;26021;0;no;yes
383;unrolled;GPU;192000;20;3840000;4194304;100000;0;156;4037425;0;24768;0;no;yes
384;unrolled;GPU;192000;20;3840000;4194304;100000;0;156;3881257;0;25764;0;no;yes
